image_name,date
0012_004266_000001_0001.tif,"July 13, 1925"
0012_004266_000002_0001.tif,"January 9, 1921"
0012_004266_000003_0001.tif,"July 4, 1921"
0012_004266_000004_0001.tif,"July 11, 1921"
0012_004266_000005_0001.tif,"July 18, 1922"
0012_004266_000006_0001.tif,"July 25, 1921"
0012_004266_000007_0001.tif,"August 1, 1921"
0012_004266_000008_0001.tif,"August 8, 1921"
0012_004266_000009_0001.tif,"August 15, 1921"
0012_004266_000010_0001.tif,"August 22, 1921"
0012_004266_000011_0001.tif,"August 29, 1921"
0012_004266_000012_0001.tif,"September 5, 1921"
0012_004266_000013_0001.tif,"September 12, 1921"
0012_004266_000014_0001.tif,"September 19, 1921"
0012_004266_000015_0001.tif,"September 26, 1921"
0012_004266_000016_0001.tif,"October 3, 1921"
0012_004266_000017_0001.tif,"October 10, 1921"
0012_004266_000018_0001.tif,"October 17, 1921"
0012_004266_000019_0001.tif,"October 25, 1921"
0012_004266_000020_0001.tif,"July 13, 1925"
0012_004266_000021_0001.tif,"July 13, 1925"
0012_004266_000022_0001.tif,"November 14, 1921"
0012_004266_000023_0001.tif,"November 21, 1921"
0012_004266_000024_0001.tif,"November 28, 1921"
0012_004266_000025_0001.tif,"December 5, 1921"
0012_004266_000026_0001.tif,"December 12, 1921"
0012_004266_000027_0001.tif,"December 19, 1921"
0012_004266_000028_0001.tif,"December 26, 1921"
0012_004266_000029_0001.tif,"January 16, 1922"
0012_004266_000030_0001.tif,"January 23, 1922"
0012_004266_000031_0001.tif,"January 31, 1922"
0012_004266_000032_0001.tif,"February 6, 1922"
0012_004266_000033_0001.tif,"February 13, 1922"
0012_004266_000034_0001.tif,"February 20, 1922"
0012_004266_000035_0001.tif,"February 27, 1922"
0012_004266_000036_0001.tif,"March 6, 1922"
0012_004266_000037_0001.tif,"March 13, 1922"
0012_004266_000038_0001.tif,"March 20, 1922"
0012_004266_000039_0001.tif,"March 27, 1922"
0012_004266_000040_0001.tif,"April 3, 1922"
0012_004266_000041_0001.tif,"April 10, 1922"
0012_004266_000042_0001.tif,"April 17, 1922"
0012_004266_000043_0001.tif,"April 24, 1922"
0012_004266_000044_0001.tif,"May 1, 1922"
0012_004266_000045_0001.tif,"May 8, 1922"
0012_004266_000046_0001.tif,"May 15, 1922"
0012_004266_000047_0001.tif,"May 22, 1922"
0012_004266_000048_0001.tif,"May 29, 1922"
0012_004266_000049_0001.tif,"June 5, 1922"
0012_004266_000050_0001.tif,"June 12, 1922"
0012_004266_000051_0001.tif,"June 19, 1922"
0012_004266_000052_0001.tif,"June 26, 1922"
0012_004266_000053_0001.tif,"July 3, 1922"
0012_004266_000054_0001.tif,"July 11, 1922"
0012_004266_000055_0001.tif,"July 17, 1922"
0012_004266_000056_0001.tif,"July 24, 1922"
0012_004266_000057_0001.tif,"July 31, 1922"
0012_004266_000058_0001.tif,"August 7, 1922"
0012_004266_000059_0001.tif,"August 14, 1922"
0012_004266_000060_0001.tif,"August 21, 1922"
0012_004266_000061_0001.tif,"August 28, 1922"
0012_004266_000062_0001.tif,"September 4, 1922"
0012_004266_000063_0001.tif,"September 11, 1922"
0012_004266_000064_0001.tif,"September 18, 1922"
0012_004266_000065_0001.tif,"September 25, 1922"
0012_004266_000066_0001.tif,"October 2, 1922"
0012_004266_000067_0001.tif,"October 9, 1922"
0012_004266_000068_0001.tif,"October 16, 1922"
0012_004266_000069_0001.tif,"October 23, 1922"
0012_004266_000070_0001.tif,"October 30, 1922"
0012_004266_000071_0001.tif,"November 6, 1922"
0012_004266_000072_0001.tif,"November 13, 1922"
0012_004266_000073_0001.tif,"November 20, 1922"
0012_004266_000074_0001.tif,"November 27, 1922"
0012_004266_000075_0001.tif,"December 4, 1922"
0012_004266_000076_0001.tif,"December 26, 1922"
0012_004266_000077_0001.tif,"December 18, 1922"
0012_004266_000078_0001.tif,"December 25, 1922"
0012_004266_000079_0001.tif,"January 1, 1923"
0012_004266_000080_0001.tif,"January 8, 1923"
0012_004266_000081_0001.tif,"January 15, 1923"
0012_004266_000082_0001.tif,"January 22, 1923"
0012_004266_000083_0001.tif,"January 29, 1923"
0012_004266_000084_0001.tif,"February 5, 1923"
0012_004266_000085_0001.tif,"February 12, 1923"
0012_004266_000086_0001.tif,"February 19, 1923"
0012_004266_000087_0001.tif,"February 26, 1923"
0012_004266_000088_0001.tif,"March 5, 1923"
0012_004266_000089_0001.tif,"March 12, 1923"
0012_004266_000090_0001.tif,"March 19, 1923"
0012_004266_000091_0001.tif,"March 26, 1923"
0012_004266_000092_0001.tif,"April 2, 1923"
0012_004266_000093_0001.tif,"April 9, 1923"
0012_004266_000094_0001.tif,"April 16, 1923"
0012_004266_000095_0001.tif,"April 23, 1923"
0012_004266_000096_0001.tif,"April 30, 1923"
0012_004266_000097_0001.tif,"May 7, 1923"
0012_004266_000098_0001.tif,"May 14, 1923"
0012_004266_000099_0001.tif,"May 21, 1923"
0012_004266_000100_0001.tif,"May 28, 1923"
0012_004266_000101_0001.tif,"June 4, 1923"
0012_004266_000102_0001.tif,"June 11, 1923"
0012_004266_000103_0001.tif,"June 18, 1923"
0012_004266_000104_0001.tif,"June 25, 1923"
0012_004266_000105_0001.tif,"July 2, 1923"
0012_004266_000106_0001.tif,"July 9, 1923"
0012_004266_000107_0001.tif,"July 16, 1923"
0012_004266_000108_0001.tif,"July 23, 1923"
0012_004266_000109_0001.tif,"July 30, 1923"
0012_004266_000110_0001.tif,"August 6, 1923"
0012_004266_000111_0001.tif,"August 13, 1923"
0012_004266_000112_0001.tif,"August 20, 1923"
0012_004266_000113_0001.tif,"August 27, 1923"
0012_004266_000114_0001.tif,"September 3, 1923"
0012_004266_000115_0001.tif,"September 10, 1923"
0012_004266_000116_0001.tif,"September 17, 1923"
0012_004266_000117_0001.tif,"September 24, 1923"
0012_004266_000118_0001.tif,"October 1, 1923"
0012_004266_000119_0001.tif,"October 8, 1923"
0012_004266_000120_0001.tif,"October 15, 1923"
0012_004266_000121_0001.tif,"October 22, 1923"
0012_004266_000122_0001.tif,"October 29, 1922"
0012_004266_000123_0001.tif,"November 5, 1923"
0012_004266_000124_0001.tif,"November 12, 1923"
0012_004266_000125_0001.tif,"November 19, 1923"
0012_004266_000126_0001.tif,"November 26, 1923"
0012_004266_000127_0001.tif,"December 3, 1923"
0012_004266_000128_0001.tif,"December 10, 1923"
0012_004266_000129_0001.tif,"December 17, 1923"
0012_004266_000130_0001.tif,"December 24, 1919"
0012_004266_000131_0001.tif,"December 31, 1923"
0012_004266_000132_0001.tif,"January 7, 1924"
0012_004266_000133_0001.tif,"January 14, 1924"
0012_004266_000134_0001.tif,"January 21, 1924"
0012_004266_000135_0001.tif,"January 28, 1924"
0012_004266_000136_0001.tif,"February 3, 1924"
0012_004266_000137_0001.tif,"February 11, 1924"
0012_004266_000138_0001.tif,"February 18, 1924"
0012_004266_000139_0001.tif,"February 25, 1924"
0012_004266_000140_0001.tif,"March 3, 1924"
0012_004266_000141_0001.tif,"March 10, 1924"
0012_004266_000142_0001.tif,"March 17, 1924"
0012_004266_000143_0001.tif,"March 24, 1924"
0012_004266_000144_0001.tif,"March 31, 1924"
0012_004266_000145_0001.tif,"April 7, 1924"
0012_004266_000146_0001.tif,"April 14, 1924"
0012_004266_000147_0001.tif,"April 21, 1924"
0012_004266_000148_0001.tif,"April 26, 1924"
0012_004266_000149_0001.tif,"May 5, 1924"
0012_004266_000150_0001.tif,"May 12, 1924"
0012_004266_000151_0001.tif,"May 19, 1924"
0012_004266_000152_0001.tif,"May 26, 1924"
0012_004266_000153_0001.tif,"June 2, 1924"
0012_004266_000154_0001.tif,"June 9, 1924"
0012_004266_000155_0001.tif,"June 16, 1924"
0012_004266_000156_0001.tif,"June 23, 1924"
0012_004266_000157_0001.tif,"June 29, 1924"
0012_004266_000158_0001.tif,"July 7, 1924"
0012_004266_000159_0001.tif,"July 14, 1924"
0012_004266_000160_0001.tif,"July 21, 1924"
0012_004266_000161_0001.tif,"July 28, 1924"
0012_004266_000162_0001.tif,"August 4, 1924"
0012_004266_000163_0001.tif,"August 11, 1924"
0012_004266_000164_0001.tif,"August 18, 1924"
0012_004266_000165_0001.tif,"August 25, 1924"
0012_004266_000166_0001.tif,"September 1, 1924"
0012_004266_000167_0001.tif,"September 8, 1924"
0012_004266_000168_0001.tif,"September 15, 1924"
0012_004266_000169_0001.tif,"September 22, 1924"
0012_004266_000170_0001.tif,"September 28, 1924"
0012_004266_000171_0001.tif,"October 6, 1924"
0012_004266_000172_0001.tif,"October 13, 1924"
0012_004266_000173_0001.tif,"October 20, 1924"
0012_004266_000174_0001.tif,"October 27, 1924"
0012_004266_000175_0001.tif,"November 3, 1924"
0012_004266_000176_0001.tif,"November 10, 1924"
0012_004266_000177_0001.tif,"November 17, 1924"
0012_004266_000178_0001.tif,"November 24, 1924"
0012_004266_000179_0001.tif,"December 1, 1924"
0012_004266_000180_0001.tif,"December 8, 1924"
0012_004266_000181_0001.tif,"December 15, 1924"
0012_004266_000182_0001.tif,"December 22, 1924"
0012_004266_000183_0001.tif,"December 29, 1924"
0012_004266_000184_0001.tif,"January 5, 1925"
0012_004266_000185_0001.tif,"January 12, 1925"
0012_004266_000186_0001.tif,"January 19, 1925"
0012_004266_000187_0001.tif,"January 26, 1925"
0012_004266_000188_0001.tif,"February 2, 1925"
0012_004266_000189_0001.tif,"February 9, 1925"
0012_004266_000190_0001.tif,"February 16, 1925"
0012_004266_000191_0001.tif,"February 23, 1925"
0012_004266_000192_0001.tif,"March 2, 1925"
0012_004266_000193_0001.tif,"March 9, 1925"
0012_004266_000194_0001.tif,"March 16, 1925"
0012_004266_000195_0001.tif,"March 23, 1925"
0012_004266_000196_0001.tif,"March 30, 1925"
0012_004266_000197_0001.tif,"April 6, 1925"
0012_004266_000198_0001.tif,"April 13, 1925"
0012_004266_000199_0001.tif,"April 20, 1925"
0012_004266_000200_0001.tif,"April 27, 1925"
0012_004266_000201_0001.tif,"May 4, 1925"
0012_004266_000202_0001.tif,"May 11, 1925"
0012_004266_000203_0001.tif,"May 18, 1925"
0012_004266_000204_0001.tif,"May 25, 1925"
0012_004266_000205_0001.tif,"June 1, 1925"
0012_004266_000206_0001.tif,"June 8, 1925"
0012_004266_000207_0001.tif,"June 15, 1925"
0012_004266_000208_0001.tif,"June 22, 1925"
0012_004266_000209_0001.tif,"June 29, 1925"
0012_004266_000210_0001.tif,"July 6, 1925"
0012_004266_000211_0001.tif,"July 13, 1925"
0012_004266_000212_0001.tif,"July 20, 1925"
0012_004266_000213_0001.tif,"July 27, 1925"
0012_004266_000214_0001.tif,"August 17, 1925"
0012_004266_000216_0001.tif,"August 17, 1925"
0012_004266_000217_0001.tif,"August 24, 1925"
0012_004266_000218_0001.tif,"August 31, 1925"
0012_004266_000219_0001.tif,"September 7, 1925"
0012_004266_000220_0001.tif,"September 14, 1925"
0012_004266_000221_0001.tif,"September 21, 1925"
0012_004266_000222_0001.tif,"September 28, 1925"
0012_004266_000223_0001.tif,"October 5, 1925"
0012_004266_000224_0001.tif,"October 12, 1925"
0012_004266_000225_0001.tif,"October 19, 1925"
0012_004266_000226_0001.tif,"October 26, 1925"
0012_004266_000227_0001.tif,"November 2, 1925"
0012_004266_000228_0001.tif,"November 9, 1925"
0012_004266_000229_0001.tif,"November 16, 1925"
0012_004266_000230_0001.tif,"November 23, 1925"
0012_004266_000231_0001.tif,"November 30, 1925"
0012_004266_000232_0001.tif,"December 7, 1925"
0012_004266_000233_0001.tif,"December 14, 1925"
0012_004266_000234_0001.tif,"December 21, 1925"
0012_004266_000235_0001.tif,"December 28, 1925"
0012_004266_000236_0001.tif,"January 11, 1926"
0012_004266_000237_0001.tif,"January 18, 1926"
0012_004266_000238_0001.tif,"January 25, 1926"
0012_004266_000239_0001.tif,"February 1, 1926"
0012_004266_000240_0001.tif,"February 8, 1926"
0012_004266_000241_0001.tif,"February 15, 1926"
0012_004266_000242_0001.tif,"February 22, 1926"
0012_004266_000243_0001.tif,"March 1, 1926"
0012_004266_000244_0001.tif,"March 8, 1926"
0012_004266_000245_0001.tif,"March 15, 1926"
0012_004266_000246_0001.tif,"March 22, 1926"
0012_004266_000247_0001.tif,"March 29, 1926"
0012_004266_000248_0001.tif,"April 5, 1926"
0012_004266_000249_0001.tif,"April 12, 1926"
0012_004266_000250_0001.tif,"April 19, 1926"
0012_004266_000251_0001.tif,"April 26, 1926"
0012_004266_000252_0001.tif,"May 3, 1926"
0012_004266_000253_0001.tif,"May 10, 1926"
0012_004266_000254_0001.tif,"May 17, 1926"
0012_004266_000255_0001.tif,"May 24, 1926"
0012_004266_000256_0001.tif,"May 31, 1926"
0012_004266_000257_0001.tif,"June 7, 1926"
0012_004266_000258_0001.tif,"June 14, 1926"
0012_004266_000259_0001.tif,"June 21, 1926"
0012_004266_000260_0001.tif,"June 28, 1926"
0012_004266_000261_0001.tif,"July 5, 1926"
0012_004266_000262_0001.tif,"July 12, 1926"
0012_004266_000264_0001.tif,"July 28, 1926"
0012_004266_000265_0001.tif,"August 2, 1926"
0012_004266_000266_0001.tif,"August 9, 1926"
0012_004266_000267_0001.tif,"August 16, 1926"
0012_004266_000269_0001.tif,"August 30, 1926"
0012_004266_000270_0001.tif,"September 6, 1926"
0012_004266_000271_0001.tif,"September 13, 1926"
0012_004266_000272_0001.tif,"September 20, 1926"
0012_004266_000273_0001.tif,"September 27, 1926"
0012_004266_000275_0001.tif,"October 11, 1926"
0012_004266_000278_0001.tif,"November 1, 1926"
0012_004266_000279_0001.tif,"November 8, 1926"
0012_004266_000280_0001.tif,"November 15, 1926"
0012_004266_000281_0001.tif,"November 22, 1926"
0012_004266_000283_0001.tif,"December 6, 1926"
0012_004266_000284_0001.tif,"December 13, 1926"
0012_004266_000285_0001.tif,"December 20, 1919"
0012_004266_000286_0001.tif,"December 27, 1926"
0012_004266_000288_0001.tif,"January 10, 1927"
0012_004266_000289_0001.tif,"January 17, 1927"
0012_004266_000290_0001.tif,"January 24, 1927"
0012_004266_000291_0001.tif,"January 31, 1927"
0012_004266_000293_0001.tif,"February 14, 1927"
0012_004266_000294_0001.tif,"February 21, 1927"
0012_004266_000295_0001.tif,"February 28, 1927"
0012_004266_000296_0001.tif,"March 7, 1927"
0012_004266_000297_0001.tif,"March 14, 1927"
0012_004266_000298_0001.tif,"March 21, 1927"
0012_004266_000299_0001.tif,"March 28, 1927"
0012_004266_000301_0001.tif,"April 11, 1927"
0012_004266_000302_0001.tif,"April 18, 1927"
0012_004266_000304_0001.tif,"May 2, 1927"
0012_004266_000306_0001.tif,"May 16, 1927"
0012_004266_000307_0001.tif,"May 23, 1927"
0012_004266_000308_0001.tif,"May 30, 1927"
0012_004266_000309_0001.tif,"June 6, 1927"
0012_004266_000310_0001.tif,"June 13, 1927"
0012_004266_000311_0001.tif,"June 20, 1927"
0012_004266_000313_0001.tif,"July 4, 1927"
0012_004266_000316_0001.tif,"July 25, 1927"
0012_004266_000318_0001.tif,"August 8, 1927"
0012_004266_000320_0001.tif,"August 22, 1927"
0012_004266_000321_0001.tif,"August 29, 1927"
0012_004266_000322_0001.tif,"September 4, 1927"
0012_004266_000323_0001.tif,"September 12, 1927"
0012_004266_000325_0001.tif,"September 26, 1927"
0012_004266_000326_0001.tif,"October 3, 1927"
0012_004266_000327_0001.tif,"October 10, 1927"
0012_004266_000328_0001.tif,"October 17, 1927"
0012_004266_000330_0001.tif,"October 31, 1927"
0012_004266_000331_0001.tif,"November 7, 1927"
0012_004266_000332_0001.tif,"November 14, 1927"
0012_004266_000333_0001.tif,"November 21, 1927"
0012_004266_000334_0001.tif,"November 28, 1927"
0012_004266_000335_0001.tif,"December 5, 1927"
0012_004266_000336_0001.tif,"December 2, 1927"
0012_004266_000337_0001.tif,"December 19, 1927"
0012_004266_000338_0001.tif,"December 26, 1927"
0012_004266_000339_0001.tif,"January 2, 1928"
0012_004266_000340_0001.tif,"January 9, 1928"
0012_004266_000341_0001.tif,"January 16, 1928"
0012_004266_000342_0001.tif,"January 23, 1928"
0012_004266_000343_0001.tif,"January 30, 1928"
0012_004266_000344_0001.tif,"February 6, 1928"
0012_004266_000345_0001.tif,"February 13, 1928"
0012_004266_000346_0001.tif,"February 20, 1928"
0012_004266_000347_0001.tif,"February 27, 1928"
0012_004266_000349_0001.tif,"March 12, 1928"
0012_004266_000350_0001.tif,"March 19, 1928"
0012_004266_000351_0001.tif,"March 26, 1928"
0012_004266_000353_0001.tif,"April 9, 1928"
0012_004266_000355_0001.tif,"April 23, 1928"
0012_004266_000356_0001.tif,"April 30, 1928"
0012_004266_000357_0001.tif,"May 7, 1928"
0012_004266_000358_0001.tif,"May 14, 1928"
0012_004266_000359_0001.tif,"May 21, 1928"
0012_004266_000360_0001.tif,"May 28, 1928"
0012_004266_000362_0001.tif,"June 11, 1928"
0012_004266_000363_0001.tif,"June 18, 1928"
0012_004266_000364_0001.tif,"June 25, 1928"
0012_004266_000365_0001.tif,"July 2, 1928"
0012_004266_000366_0001.tif,"July 9, 1928"
0012_004266_000367_0001.tif,"July 16, 1928"
0012_004266_000369_0001.tif,"July 30, 1928"
0012_004266_000371_0001.tif,"August 13, 1928"
0012_004266_000372_0001.tif,"August 20, 1928"
0012_004266_000373_0001.tif,"August 27, 1928"
0012_004266_000374_0001.tif,"September 3, 1928"
0012_004266_000375_0001.tif,"September 10, 1928"
0012_004266_000376_0001.tif,"September 17, 1928"
0012_004266_000380_0001.tif,"October 15, 1928"
0012_004266_000381_0001.tif,"October 22, 1928"
0012_004266_000382_0001.tif,"October 29, 1928"
0012_004266_000384_0001.tif,"November 12, 1928"
0012_004266_000385_0001.tif,"November 19, 1928"
0012_004266_000386_0001.tif,"November 26, 1928"
0012_004266_000387_0001.tif,"December 3, 1928"
0012_004266_000388_0001.tif,"December 10, 1928"
0012_004266_000389_0001.tif,"December 17, 1928"
0012_004266_000390_0001.tif,"December 24, 1928"
0012_004266_000391_0001.tif,"December 31, 1928"
0012_004266_000392_0001.tif,"January 7, 1929"
0012_004266_000393_0001.tif,"January 14, 1929"
0012_004266_000394_0001.tif,"January 21, 1929"
0012_004266_000395_0001.tif,"January 28, 1929"
0012_004266_000396_0001.tif,"February 4, 1929"
0012_004266_000397_0001.tif,"February 11, 1929"
0012_004266_000398_0001.tif,"February 18, 1929"
0012_004266_000399_0001.tif,"February 25, 1929"
0012_004266_000400_0001.tif,"March 4, 1929"
0012_004266_000401_0001.tif,"March 11, 1929"
0012_004266_000402_0001.tif,"March 18, 1929"
0012_004266_000403_0001.tif,"March 25, 1929"
0012_004266_000404_0001.tif,"April 1, 1929"
0012_004266_000405_0001.tif,"April 8, 1929"
0012_004266_000215_0001.tif,"August 10, 1925"
0012_004266_000263_0001.tif,"July 19, 1926"
0012_004266_000268_0001.tif,"August 23, 1926"
0012_004266_000274_0001.tif,"October 4, 1926"
0012_004266_000276_0001.tif,"October 18, 1926"
0012_004266_000277_0001.tif,"October 25, 1926"
0012_004266_000282_0001.tif,"November 29, 1926"
0012_004266_000287_0001.tif,"January 3, 1927"
0012_004266_000292_0001.tif,"February 7, 1927"
0012_004266_000300_0001.tif,"April 4, 1927"
0012_004266_000303_0001.tif,"April 25, 1927"
0012_004266_000305_0001.tif,"May 9, 1927"
0012_004266_000312_0001.tif,"June 27, 1927"
0012_004266_000314_0001.tif,"July 11, 1927"
0012_004266_000315_0001.tif,"July 18, 1927"
0012_004266_000317_0001.tif,"August 1, 1927"
0012_004266_000319_0001.tif,"August 15, 1927"
0012_004266_000324_0001.tif,"September 19, 1927"
0012_004266_000329_0001.tif,"October 24, 1927"
0012_004266_000348_0001.tif,"March 5, 1928"
0012_004266_000352_0001.tif,"April 2, 1928"
0012_004266_000354_0001.tif,"April 16, 1928"
0012_004266_000361_0001.tif,"June 4, 1928"
0012_004266_000368_0001.tif,"July 23, 1928"
0012_004266_000370_0001.tif,"August 6, 1928"
0012_004266_000377_0001.tif,"September 24, 1928"
0012_004266_000378_0001.tif,"October 1, 1928"
0012_004266_000379_0001.tif,"October 8, 1928"
0012_004266_000383_0001.tif,"November 5, 1928"
0012_004266_000406_0001.tif,"April 15, 1929"
0012_004266_000407_0001.tif,"April 22, 1929"
0012_004266_000408_0001.tif,"April 29, 1929"
0012_004266_000409_0001.tif,"May 6, 1929"
0012_004266_000410_0001.tif,"May 13, 1929"
0012_004266_000411_0001.tif,"May 20, 1929"
0012_004266_000412_0001.tif,"May 27, 1929"
0012_004266_000413_0001.tif,"June 3, 1929"
0012_004266_000414_0001.tif,"June 10, 1929"
0012_004266_000415_0001.tif,"June 7, 1929"
0012_004266_000416_0001.tif,"June 24, 1929"
0012_004266_000417_0001.tif,"July 1, 1929"
0012_004266_000418_0001.tif,"July 8, 1929"
0012_004266_000419_0001.tif,"July 15, 1929"
0012_004266_000420_0001.tif,"July 22, 1929"
0012_004266_000421_0001.tif,"July 29, 1929"
0012_004266_000422_0001.tif,"August 5, 1929"
0012_004266_000423_0001.tif,"August 12, 1929"
0012_004266_000424_0001.tif,"August 19, 1929"
0012_004266_000425_0001.tif,"August 26, 1929"
0012_004266_000426_0001.tif,"September 2, 1929"
0012_004266_000427_0001.tif,"September 9, 1929"
0012_004266_000428_0001.tif,"September 16, 1929"
0012_004266_000429_0001.tif,"September 23, 1929"
0012_004266_000430_0001.tif,"September 30, 1929"
0012_004266_000431_0001.tif,"October 7, 1929"
0012_004266_000432_0001.tif,"October 14, 1929"
0012_004266_000433_0001.tif,"October 21, 1929"
0012_004266_000434_0001.tif,"October 28, 1929"
0012_004266_000435_0001.tif,"November 4, 1929"
0012_004266_000436_0001.tif,"November 11, 1929"
0012_004266_000437_0001.tif,"November 18, 1929"
0012_004266_000438_0001.tif,"November 25, 1929"
0012_004266_000439_0001.tif,"December 2, 1929"
0012_004266_000440_0001.tif,"December 9, 1929"
0012_004266_000441_0001.tif,"December 16, 1929"
0012_004266_000442_0001.tif,"December 23, 1929"
0012_004266_000443_0001.tif,"January 6, 1930"
0012_004266_000444_0001.tif,"January 13, 1930"
0012_004266_000445_0001.tif,"January 20, 1930"
0012_004266_000446_0001.tif,"January 27, 1930"
0012_004266_000447_0001.tif,"February 3, 1930"
0012_004266_000448_0001.tif,"February 10, 1930"
0012_004266_000449_0001.tif,"February 7, 1930"
0012_004266_000450_0001.tif,"February 24, 1930"
0012_004266_000451_0001.tif,"March 3, 1930"
0012_004266_000452_0001.tif,"March 10, 1930"
0012_004266_000453_0001.tif,"March 17, 1930"
0012_004266_000454_0001.tif,"March 24, 1930"
0012_004266_000455_0001.tif,"March 31, 1930"
0012_004266_000456_0001.tif,"April 7, 1930"
0012_004266_000457_0001.tif,"April 14, 1930"
0012_004266_000458_0001.tif,"April 21, 1930"
0012_004266_000459_0001.tif,"April 28, 1930"
0012_004266_000460_0001.tif,"May 5, 1930"
0012_004266_000461_0001.tif,"May 12, 1930"
0012_004266_000462_0001.tif,"May 19, 1930"
0012_004266_000463_0001.tif,"May 26, 1930"
0012_004266_000464_0001.tif,"June 2, 1930"
0012_004266_000465_0001.tif,"June 9, 1930"
0012_004266_000466_0001.tif,"June 16, 1930"
0012_004266_000467_0001.tif,"June 23, 1930"
0012_004266_000468_0001.tif,"June 30, 1930"
0012_004266_000469_0001.tif,"July 7, 1930"
0012_004266_000470_0001.tif,"July 14, 1930"
0012_004266_000471_0001.tif,"July 21, 1930"
0012_004266_000472_0001.tif,"July 28, 1930"
0012_004266_000473_0001.tif,"August 4, 1930"
0012_004266_000474_0001.tif,"August 11, 1930"
0012_004266_000475_0001.tif,"August 18, 1930"
0012_004266_000476_0001.tif,"August 25, 1930"
0012_004266_000477_0001.tif,"September 1, 1930"
0012_004266_000478_0001.tif,"September 8, 1930"
0012_004266_000479_0001.tif,"September 15, 1930"
0012_004266_000480_0001.tif,"September 22, 1930"
0012_004266_000481_0001.tif,"September 29, 1930"
0012_004266_000482_0001.tif,"October 6, 1930"
0012_004266_000483_0001.tif,"October 13, 1930"
0012_004266_000484_0001.tif,"October 20, 1930"
0012_004266_000485_0001.tif,"October 27, 1930"
0012_004266_000486_0001.tif,"October 27, 1930"
0012_004266_000487_0001.tif,"November 10, 1930"
0012_004266_000488_0001.tif,"November 17, 1930"
0012_004266_000489_0001.tif,"November 24, 1930"
0012_004266_000490_0001.tif,"December 1, 1930"
0012_004266_000491_0001.tif,"December 8, 1930"
0012_004266_000492_0001.tif,"December 15, 1930"
0012_004266_000493_0001.tif,"January 5, 1930"
0012_004266_000494_0001.tif,"January 12, 1931"
0012_004266_000495_0001.tif,"January 26, 1931"
0012_004266_000496_0001.tif,"February 2, 1931"
0012_004266_000497_0001.tif,"February 9, 1931"
0012_004266_000498_0001.tif,"February 16, 1931"
0012_004266_000499_0001.tif,"February 23, 1931"
0012_004266_000500_0001.tif,"March 2, 1931"
0012_004266_000501_0001.tif,"March 9, 1931"
0012_004266_000502_0001.tif,"March 16, 1931"
0012_004266_000503_0001.tif,"March 23, 1931"
0012_004266_000504_0001.tif,"March 30, 1931"
0012_004266_000505_0001.tif,"April 6, 1931"
0012_004266_000506_0001.tif,"April 13, 1931"
0012_004266_000507_0001.tif,"April 20, 1931"
0012_004266_000508_0001.tif,"April 27, 1931"
0012_004266_000509_0001.tif,"May 4, 1931"
0012_004266_000510_0001.tif,"May 11, 1931"
0012_004266_000511_0001.tif,"May 18, 1931"
0012_004266_000512_0001.tif,"May 25, 1931"
0012_004266_000513_0001.tif,"June 1, 1931"
0012_004266_000514_0001.tif,"June 8, 1931"
0012_004266_000515_0001.tif,"June 15, 1931"
0012_004266_000516_0001.tif,"June 22, 1931"
0012_004266_000517_0001.tif,"June 29, 1931"
0012_004266_000518_0001.tif,"July 6, 1931"
0012_004266_000519_0001.tif,"July 13, 1931"
0012_004266_000520_0001.tif,"July 20, 1931"
0012_004266_000521_0001.tif,"July 27, 1931"
0012_004266_000522_0001.tif,"August 3, 1931"
0012_004266_000523_0001.tif,"August 10, 1931"
0012_004266_000524_0001.tif,"August 17, 1931"
0012_004266_000525_0001.tif,"August 24, 1931"
0012_004266_000526_0001.tif,"August 31, 1931"
0012_004266_000527_0001.tif,"September 7, 1931"
0012_004266_000528_0001.tif,"September 14, 1931"
0012_004266_000529_0001.tif,"September 21, 1931"
0012_004266_000530_0001.tif,"September 28, 1931"
0012_004266_000531_0001.tif,"October 5, 1931"
0012_004266_000532_0001.tif,"October 12, 1931"
0012_004266_000533_0001.tif,"October 19, 1931"
0012_004266_000534_0001.tif,"October 26, 1931"
0012_004266_000535_0001.tif,"November 2, 1931"
0012_004266_000536_0001.tif,"November 9, 1931"
0012_004266_000537_0001.tif,"November 16, 1931"
0012_004266_000538_0001.tif,"November 23, 1931"
0012_004266_000539_0001.tif,"November 30, 1931"
0012_004266_000540_0001.tif,"December 7, 1931"
0012_004266_000541_0001.tif,"December 14, 1931"
0012_004266_000542_0001.tif,"December 21, 1931"
0012_004266_000543_0001.tif,"December 28, 1931"
0012_004266_000544_0001.tif,"January 4, 1932"
0012_004266_000545_0001.tif,"January 11, 1932"
0012_004266_000546_0001.tif,"January 18, 1932"
0012_004266_000547_0001.tif,"January 25, 1932"
0012_004266_000548_0001.tif,"February 1, 1932"
0012_004266_000549_0001.tif,"February 8, 1932"
0012_004266_000550_0001.tif,"February 15, 1932"
0012_004266_000551_0001.tif,"February 22, 1932"
0012_004266_000552_0001.tif,"February 29, 1932"
0012_004266_000553_0001.tif,"March 7, 1932"
0012_004266_000554_0001.tif,"March 14, 1932"
0012_004266_000555_0001.tif,"March 21, 1932"
0012_004266_000556_0001.tif,"March 28, 1932"
0012_004266_000557_0001.tif,"April 4, 1932"
0012_004266_000558_0001.tif,"April 11, 1932"
0012_004266_000559_0001.tif,"April 18, 1932"
0012_004266_000560_0001.tif,"April 25, 1932"
0012_004266_000561_0001.tif,"May 2, 1932"
0012_004266_000562_0001.tif,"May 9, 1932"
0012_004266_000563_0001.tif,"May 16, 1932"
0012_004266_000564_0001.tif,"May 23, 1932"
0012_004266_000565_0001.tif,"May 30, 1932"
0012_004266_000566_0001.tif,"June 6, 1932"
0012_004266_000567_0001.tif,"June 13, 1932"
0012_004266_000568_0001.tif,"June 27, 1932"
0012_004266_000569_0001.tif,"June 4, 1932"
0012_004266_000570_0001.tif,"July 11, 1932"
0012_004266_000571_0001.tif,"July 18, 1932"
0012_004266_000572_0001.tif,"July 25, 1932"
0012_004266_000573_0001.tif,"August 1, 1932"
0012_004266_000574_0001.tif,"August 8, 1932"
0012_004266_000575_0001.tif,"August 15, 1932"
0012_004266_000576_0001.tif,"August 22, 1932"
0012_004266_000577_0001.tif,"August 29, 1932"
0012_004266_000578_0001.tif,"September 5, 1932"
0012_004266_000579_0001.tif,"September 12, 1932"
0012_004266_000580_0001.tif,"September 26, 1932"
0012_004266_000581_0001.tif,"September 19, 1932"
0012_004266_000582_0001.tif,"October 3, 1932"
0012_004266_000583_0001.tif,"October 10, 1932"
0012_004266_000584_0001.tif,"October 17, 1932"
0012_004266_000585_0001.tif,"October 24, 1932"
0012_004266_000586_0001.tif,"October 31, 1932"
0012_004266_000587_0001.tif,"November 7, 1932"
0012_004266_000588_0001.tif,"November 14, 1932"
0012_004266_000589_0001.tif,"November 21, 1932"
0012_004266_000590_0001.tif,"November 28, 1932"
0012_004266_000591_0001.tif,"December 5, 1932"
0012_004266_000592_0001.tif,"December 12, 1932"
0012_004266_000593_0001.tif,"December 19, 1932"
0012_004266_000594_0001.tif,"December 26, 1932"
0012_004266_000595_0001.tif,"January 2, 1933"
0012_004266_000596_0001.tif,"January 9, 1933"
0012_004266_000597_0001.tif,"January 16, 1933"
0012_004266_000598_0001.tif,"January 23, 1933"
0012_004266_000599_0001.tif,"January 30, 1933"
0012_004266_000600_0001.tif,"February 6, 1933"
0012_004266_000601_0001.tif,"February 13, 1933"
0012_004266_000602_0001.tif,"February 20, 1933"
0012_004266_000603_0001.tif,"February 27, 1933"
0012_004266_000604_0001.tif,"March 6, 1933"
0012_004266_000605_0001.tif,"March 13, 1933"
0012_004266_000606_0001.tif,"March 20, 1933"
0012_004266_000607_0001.tif,"March 27, 1933"
0012_004266_000608_0001.tif,"April 3, 1933"
0012_004266_000609_0001.tif,"April 3, 1933"
0012_004266_000610_0001.tif,"April 17, 1933"
0012_004266_000611_0001.tif,"April 24, 1933"
0012_004266_000612_0001.tif,"May 1, 1933"
0012_004266_000613_0001.tif,"May 8, 1933"
0012_004266_000614_0001.tif,"May 15, 1933"
0012_004266_000615_0001.tif,"May 22, 1933"
0012_004266_000616_0001.tif,"May 29, 1933"
0012_004266_000617_0001.tif,"June 5, 1933"
0012_004266_000618_0001.tif,"June 12, 1933"
0012_004266_000619_0001.tif,"June 19, 1933"
0012_004266_000620_0001.tif,"June 26, 1933"
0012_004266_000621_0001.tif,"July 3, 1933"
0012_004266_000622_0001.tif,"July 10, 1933"
0012_004266_000623_0001.tif,"July 17, 1933"
0012_004266_000624_0001.tif,"July 24, 1933"
0012_004266_000625_0001.tif,"July 31, 1933"
0012_004266_000626_0001.tif,"August 7, 1933"
0012_004266_000627_0001.tif,"August 14, 1933"
0012_004266_000628_0001.tif,"August 21, 1933"
0012_004266_000629_0001.tif,"August 28, 1933"
0012_004266_000630_0001.tif,"September 4, 1933"
0012_004266_000631_0001.tif,"September 11, 1933"
0012_004266_000632_0001.tif,"September 18, 1933"
0012_004266_000633_0001.tif,"September 25, 1933"
0012_004266_000634_0001.tif,"October 2, 1933"
0012_004266_000635_0001.tif,"October 9, 1933"
0012_004266_000636_0001.tif,"October 16, 1933"
0012_004266_000637_0001.tif,"October 23, 1933"
0012_004266_000638_0001.tif,"October 30, 1933"
0012_004266_000639_0001.tif,"November 6, 1933"
0012_004266_000640_0001.tif,"November 13, 1933"
0012_004266_000641_0001.tif,"November 20, 1933"
0012_004266_000642_0001.tif,"November 27, 1933"
0012_004266_000643_0001.tif,"December 4, 1933"
0012_004266_000644_0001.tif,"December 11, 1933"
0012_004266_000645_0001.tif,"December 15, 1933"
0012_004266_000646_0001.tif,"December 18, 1933"
0012_004266_000647_0001.tif,"December 25, 1933"
0012_004266_000648_0001.tif,"January 1, 1934"
0012_004266_000649_0001.tif,"January 8, 1934"
0012_004266_000650_0001.tif,"January 15, 1934"
0012_004266_000651_0001.tif,"January 22, 1934"
0012_004266_000652_0001.tif,"January 29, 1934"
0012_004266_000653_0001.tif,"February 5, 1934"
0012_004266_000654_0001.tif,"February 2, 1934"
0012_004266_000655_0001.tif,"February 19, 1934"
0012_004266_000656_0001.tif,"February 26, 1934"
0012_004266_000657_0001.tif,"March 5, 1934"
0012_004266_000658_0001.tif,"March 12, 1934"
0012_004266_000659_0001.tif,"March 19, 1934"
0012_004266_000660_0001.tif,"March 26, 1934"
0012_004266_000661_0001.tif,"April 2, 1934"
0012_004266_000662_0001.tif,"April 9, 1934"
0012_004266_000663_0001.tif,"April 16, 1934"
0012_004266_000664_0001.tif,"April 23, 1934"
0012_004266_000665_0001.tif,"April 30, 1934"
0012_004266_000666_0001.tif,"May 7, 1934"
0012_004266_000667_0001.tif,"May 14, 1934"
0012_004266_000668_0001.tif,"May 21, 1934"
0012_004266_000669_0001.tif,"May 28, 1934"
0012_004266_000670_0001.tif,"June 4, 1934"
0012_004266_000671_0001.tif,"June 11, 1934"
0012_004266_000672_0001.tif,"June 18, 1934"
0012_004266_000673_0001.tif,"June 25, 1934"
0012_004266_000674_0001.tif,"July 2, 1934"
0012_004266_000675_0001.tif,"July 9, 1934"
0012_004266_000676_0001.tif,"July 16, 1934"
0012_004266_000677_0001.tif,"July 23, 1934"
0012_004266_000678_0001.tif,"July 30, 1934"
0012_004266_000679_0001.tif,"August 6, 1934"
0012_004266_000680_0001.tif,"August 13, 1934"
0012_004266_000681_0001.tif,"August 20, 1934"
0012_004266_000682_0001.tif,"August 27, 1934"
0012_004266_000683_0001.tif,"September 3, 1934"
0012_004266_000684_0001.tif,"September 10, 1934"
0012_004266_000685_0001.tif,"September 17, 1934"
0012_004266_000686_0001.tif,"September 24, 1934"
0012_004266_000687_0001.tif,"October 1, 1934"
0012_004266_000688_0001.tif,"October 8, 1934"
0012_004266_000689_0001.tif,"October 15, 1934"
0012_004266_000690_0001.tif,"October 29, 1934"
0012_004266_000691_0001.tif,"November 5, 1934"
0012_004266_000692_0001.tif,"November 12, 1934"
0012_004266_000693_0001.tif,"November 19, 1934"
0012_004266_000694_0001.tif,"November 26, 1934"
0012_004266_000695_0001.tif,"December 3, 1934"
0012_004266_000696_0001.tif,"December 10, 1934"
0012_004266_000697_0001.tif,"December 17, 1934"
0012_004266_000698_0001.tif,"December 24, 1934"
0012_004266_000699_0001.tif,"December 31, 1934"
0012_004266_000700_0001.tif,"January 7, 1935"
0012_004266_000701_0001.tif,"January 14, 1935"
0012_004266_000702_0001.tif,"January 21, 1935"
0012_004266_000703_0001.tif,"January 28, 1935"
0012_004266_000704_0001.tif,"February 4, 1935"
0012_004266_000705_0001.tif,"February 11, 1935"
0012_004266_000706_0001.tif,"February 18, 1935"
0012_004266_000707_0001.tif,"February 25, 1935"
0012_004266_000708_0001.tif,"March 4, 1935"
0012_004266_000709_0001.tif,"March 11, 1935"
0012_004266_000710_0001.tif,"March 18, 1935"
0012_004266_000711_0001.tif,"March 25, 1935"
0012_004266_000712_0001.tif,"April 1, 1935"
0012_004266_000713_0001.tif,"April 8, 1935"
0012_004266_000714_0001.tif,"April 15, 1935"
0012_004266_000715_0001.tif,"April 22, 1935"
0012_004266_000716_0001.tif,"May 6, 1935"
0012_004266_000717_0001.tif,"May 13, 1935"
0012_004266_000718_0001.tif,"May 20, 1935"
0012_004266_000719_0001.tif,"May 27, 1935"
0012_004266_000720_0001.tif,"June 3, 1935"
0012_004266_000721_0001.tif,"June 10, 1935"
0012_004266_000722_0001.tif,"June 17, 1935"
0012_004266_000723_0001.tif,"June 24, 1935"
0012_004266_000724_0001.tif,"July 1, 1935"
0012_004266_000725_0001.tif,"July 8, 1935"
0012_004266_000726_0001.tif,"July 15, 1935"
0012_004266_000727_0001.tif,"July 22, 1935"
0012_004266_000728_0001.tif,"July 29, 1935"
0012_004266_000729_0001.tif,"August 5, 1935"
0012_004266_000730_0001.tif,"August 12, 1935"
0012_004266_000731_0001.tif,"August 19, 1935"
0012_004266_000732_0001.tif,"August 26, 1935"
0012_004266_000733_0001.tif,"September 2, 1935"
0012_004266_000734_0001.tif,"September 9, 1935"
0012_004266_000735_0001.tif,"September 16, 1935"
0012_004266_000736_0001.tif,"September 23, 1935"
0012_004266_000737_0001.tif,"September 30, 1935"
0012_004266_000738_0001.tif,"October 7, 1935"
0012_004266_000739_0001.tif,"October 14, 1935"
0012_004266_000740_0001.tif,"October 21, 1935"
0012_004266_000741_0001.tif,"October 28, 1935"
0012_004266_000742_0001.tif,"November 4, 1935"
0012_004266_000743_0001.tif,"November 11, 1935"
0012_004266_000744_0001.tif,"November 18, 1935"
0012_004266_000745_0001.tif,"November 25, 1935"
0012_004266_000746_0001.tif,"December 2, 1935"
0012_004266_000747_0001.tif,"December 9, 1935"
0012_004266_000748_0001.tif,"December 16, 1935"
0012_004266_000749_0001.tif,"December 23, 1935"
0012_004266_000750_0001.tif,"December 30, 1935"
0012_004266_000751_0001.tif,"January 6, 1936"
0012_004266_000752_0001.tif,"January 13, 1936"
0012_004266_000753_0001.tif,"January 20, 1936"
0012_004266_000754_0001.tif,"January 27, 1936"
0012_004266_000755_0001.tif,"February 3, 1936"
0012_004266_000756_0001.tif,"February 10, 1936"
0012_004266_000757_0001.tif,"February 17, 1936"
0012_004266_000758_0001.tif,"February 24, 1936"
0012_004266_000759_0001.tif,"March 2, 1936"
0012_004266_000760_0001.tif,"March 9, 1936"
0012_004266_000761_0001.tif,"March 16, 1936"
0012_004266_000762_0001.tif,"March 23, 1936"
0012_004266_000763_0001.tif,"March 30, 1936"
0012_004266_000764_0001.tif,"April 6, 1936"
0012_004266_000765_0001.tif,"April 13, 1936"
0012_004266_000766_0001.tif,"April 20, 1936"
0012_004266_000767_0001.tif,"April 27, 1936"
0012_004266_000768_0001.tif,"May 4, 1936"
0012_004266_000769_0001.tif,"May 11, 1936"
0012_004266_000770_0001.tif,"May 18, 1936"
0012_004266_000771_0001.tif,"May 25, 1936"
0012_004266_000772_0001.tif,"June 1, 1936"
0012_004266_000773_0001.tif,"June 8, 1936"
0012_004266_000774_0001.tif,"June 15, 1936"
0012_004266_000775_0001.tif,"June 22, 1936"
0012_004266_000776_0001.tif,"June 29, 1936"
0012_004266_000777_0001.tif,"July 6, 1936"
0012_004266_000778_0001.tif,"July 13, 1936"
0012_004266_000779_0001.tif,"July 20, 1936"
0012_004266_000780_0001.tif,"July 27, 1936"
0012_004266_000781_0001.tif,"August 3, 1936"
0012_004266_000782_0001.tif,"August 10, 1936"
0012_004266_000783_0001.tif,"August 17, 1936"
0012_004266_000784_0001.tif,"August 24, 1936"
0012_004266_000785_0001.tif,"August 31, 1936"
0012_004266_000786_0001.tif,"September 7, 1936"
0012_004266_000787_0001.tif,"September 14, 1936"
0012_004266_000788_0001.tif,"September 21, 1936"
0012_004266_000789_0001.tif,"September 28, 1936"
0012_004266_000790_0001.tif,"October 5, 1936"
0012_004266_000791_0001.tif,"October 12, 1936"
0012_004266_000792_0001.tif,"October 19, 1936"
0012_004266_000793_0001.tif,"October 26, 1936"
0012_004266_000794_0001.tif,"November 2, 1936"
0012_004266_000795_0001.tif,"November 9, 1936"
0012_004266_000796_0001.tif,"November 16, 1936"
0012_004266_000797_0001.tif,"November 23, 1936"
0012_004266_000798_0001.tif,"November 30, 1936"
0012_004266_000799_0001.tif,"December 7, 1936"
0012_004266_000800_0001.tif,"December 14, 1936"
0012_004266_000801_0001.tif,"December 21, 1936"
0012_004266_000802_0001.tif,"December 28, 1936"
0012_004266_000803_0001.tif,"January 4, 1937"
0012_004266_000804_0001.tif,"January 11, 1937"
0012_004266_000805_0001.tif,"January 18, 1937"
0012_004266_000806_0001.tif,"January 25, 1937"
0012_004266_000807_0001.tif,"February 1, 1937"
0012_004266_000808_0001.tif,"February 8, 1937"
0012_004266_000809_0001.tif,"February 15, 1937"
0012_004266_000810_0001.tif,"February 22, 1937"
0012_004266_000811_0001.tif,"March 1, 1937"
0012_004266_000812_0001.tif,"March 8, 1937"
0012_004266_000813_0001.tif,"March 15, 1937"
0012_004266_000814_0001.tif,"March 22, 1937"
0012_004266_000815_0001.tif,"March 29, 1937"
0012_004266_000816_0001.tif,"April 5, 1937"
0012_004266_000817_0001.tif,"April 12, 1937"
0012_004266_000818_0001.tif,"April 19, 1937"
0012_004266_000819_0001.tif,"April 26, 1937"
0012_004266_000820_0001.tif,"May 3, 1937"
0012_004266_000821_0001.tif,"May 10, 1937"
0012_004266_000822_0001.tif,"May 17, 1937"
0012_004266_000823_0001.tif,"May 24, 1937"
0012_004266_000824_0001.tif,"May 3, 1937"
0012_004266_000825_0001.tif,"June 7, 1937"
0012_004266_000826_0001.tif,"June 14, 1937"
0012_004266_000827_0001.tif,"June 21, 1937"
0012_004266_000828_0001.tif,"June 28, 1937"
0012_004266_000829_0001.tif,"July 5, 1937"
0012_004266_000830_0001.tif,"July 12, 1937"
0012_004266_000831_0001.tif,"July 19, 1937"
0012_004266_000832_0001.tif,"July 26, 1937"
0012_004266_000833_0001.tif,"August 2, 1937"
0012_004266_000834_0001.tif,"August 9, 1937"
0012_004266_000835_0001.tif,"August 16, 1937"
0012_004266_000836_0001.tif,"August 23, 1937"
0012_004266_000837_0001.tif,"August 30, 1937"
0012_004266_000838_0001.tif,"September 6, 1937"
0012_004266_000839_0001.tif,"September 13, 1937"
0012_004266_000840_0001.tif,"September 20, 1937"
0012_004266_000841_0001.tif,"October 4, 1937"
0012_004266_000842_0001.tif,"October 11, 1937"
0012_004266_000843_0001.tif,"October 18, 1937"
0012_004266_000844_0001.tif,"October 25, 1937"
0012_004266_000845_0001.tif,"November 1, 1937"
0012_004266_000846_0001.tif,"November 8, 1937"
0012_004266_000847_0001.tif,"November 15, 1937"
0012_004266_000848_0001.tif,"November 22, 1937"
0012_004266_000849_0001.tif,"November 29, 1937"
0012_004266_000850_0001.tif,"December 6, 1937"
0012_004266_000851_0001.tif,"December 13, 1937"
0012_004266_000852_0001.tif,"December 20, 1937"
0012_004266_000853_0001.tif,"December 27, 1937"
0012_004266_000854_0001.tif,"January 3, 1938"
0012_004266_000855_0001.tif,"January 10, 1938"
0012_004266_000856_0001.tif,"January 17, 1938"
0012_004266_000857_0001.tif,"January 24, 1938"
0012_004266_000858_0001.tif,"January 31, 1938"
0012_004266_000859_0001.tif,"February 7, 1938"
0012_004266_000860_0001.tif,"February 14, 1938"
0012_004266_000861_0001.tif,"February 21, 1938"
0012_004266_000862_0001.tif,"February 28, 1938"
0012_004266_000863_0001.tif,"March 7, 1938"
0012_004266_000864_0001.tif,"March 14, 1938"
0012_004266_000865_0001.tif,"March 21, 1938"
0012_004266_000866_0001.tif,"March 28, 1938"
0012_004266_000867_0001.tif,"April 4, 1938"
0012_004266_000868_0001.tif,"April 11, 1938"
0012_004266_000869_0001.tif,"April 18, 1938"
0012_004266_000870_0001.tif,"April 25, 1938"
0012_004266_000871_0001.tif,"May 2, 1938"
0012_004266_000872_0001.tif,"May 9, 1938"
0012_004266_000873_0001.tif,"May 16, 1938"
0012_004266_000874_0001.tif,"May 23, 1938"
0012_004266_000875_0001.tif,"May 30, 1938"
0012_004266_000876_0001.tif,"June 6, 1938"
0012_004266_000877_0001.tif,"June 13, 1938"
0012_004266_000878_0001.tif,"June 20, 1938"
0012_004266_000879_0001.tif,"June 27, 1938"
0012_004266_000880_0001.tif,"July 4, 1938"
0012_004266_000881_0001.tif,"July 11, 1938"
0012_004266_000882_0001.tif,"July 18, 1938"
0012_004266_000883_0001.tif,"July 25, 1938"
0012_004266_000884_0001.tif,"August 1, 1938"
0012_004266_000885_0001.tif,"August 8, 1938"
0012_004266_000886_0001.tif,"August 15, 1938"
0012_004266_000887_0001.tif,"August 22, 1938"
0012_004266_000888_0001.tif,"August 29, 1938"
0012_004266_000889_0001.tif,"September 5, 1938"
0012_004266_000890_0001.tif,"September 12, 1938"
0012_004266_000891_0001.tif,"September 19, 1938"
0012_004266_000892_0001.tif,"September 26, 1938"
0012_004266_000893_0001.tif,"October 3, 1938"
0012_004266_000894_0001.tif,"October 10, 1938"
0012_004266_000895_0001.tif,"October 17, 1938"
0012_004266_000896_0001.tif,"October 24, 1938"
0012_004266_000897_0001.tif,"October 31, 1938"
0012_004266_000898_0001.tif,"November 7, 1938"
0012_004266_000899_0001.tif,"November 14, 1938"
0012_004266_000900_0001.tif,"November 21, 1938"
0012_004266_000901_0001.tif,"November 28, 1938"
0012_004266_000902_0001.tif,"December 5, 1938"
0012_004266_000903_0001.tif,"December 12, 1938"
0012_004266_000904_0001.tif,"December 19, 1938"
0012_004266_000905_0001.tif,"December 26, 1938"
0012_004266_000906_0001.tif,"January 2, 1939"
0012_004266_000907_0001.tif,"January 9, 1939"
0012_004266_000908_0001.tif,"January 16, 1939"
0012_004266_000909_0001.tif,"January 23, 1939"
0012_004266_000910_0001.tif,"January 30, 1939"
0012_004266_000911_0001.tif,"February 6, 1939"
0012_004266_000912_0001.tif,"February 13, 1939"
0012_004266_000913_0001.tif,"February 20, 1939"
0012_004266_000914_0001.tif,"February 27, 1939"
0012_004266_000915_0001.tif,"March 6, 1939"
0012_004266_000916_0001.tif,"March 13, 1939"
0012_004266_000917_0001.tif,"March 27, 1939"
0012_004266_000918_0001.tif,"April 3, 1939"
0012_004266_000919_0001.tif,"April 10, 1939"
0012_004266_000920_0001.tif,"April 17, 1939"
0012_004266_000921_0001.tif,"April 24, 1939"
0012_004266_000922_0001.tif,"May 1, 1939"
0012_004266_000923_0001.tif,"May 8, 1939"
0012_004266_000924_0001.tif,"May 15, 1939"
0012_004266_000925_0001.tif,"May 22, 1939"
0012_004266_000926_0001.tif,"May 29, 1939"
0012_004266_000927_0001.tif,"June 5, 1939"
0012_004266_000928_0001.tif,"June 12, 1939"
0012_004266_000929_0001.tif,"June 19, 1939"
0012_004266_000930_0001.tif,"June 26, 1939"
0012_004266_000931_0001.tif,"July 3, 1939"
0012_004266_000932_0001.tif,"July 10, 1939"
0012_004266_000933_0001.tif,"July 17, 1939"
0012_004266_000934_0001.tif,"July 24, 1939"
0012_004266_000935_0001.tif,"July 31, 1939"
0012_004266_000936_0001.tif,"August 7, 1939"
0012_004266_000937_0001.tif,"August 14, 1939"
0012_004266_000938_0001.tif,"August 21, 1939"
0012_004266_000939_0001.tif,"August 28, 1939"
0012_004266_000940_0001.tif,"September 4, 1939"
0012_004266_000941_0001.tif,"September 11, 1939"
0012_004266_000942_0001.tif,"September 18, 1939"
0012_004266_000943_0001.tif,"September 25, 1939"
0012_004266_000944_0001.tif,"October 2, 1939"
0012_004266_000945_0001.tif,"October 9, 1939"
0012_004266_000946_0001.tif,"October 16, 1939"
0012_004266_000947_0001.tif,"October 23, 1939"
0012_004266_000948_0001.tif,"October 30, 1939"
0012_004266_000949_0001.tif,"November 6, 1939"
0012_004266_000950_0001.tif,"November 13, 1939"
0012_004266_000951_0001.tif,"November 20, 1939"
0012_004266_000952_0001.tif,"November 27, 1939"
0012_004266_000953_0001.tif,"December 4, 1939"
0012_004266_000954_0001.tif,"December 11, 1939"
0012_004266_000955_0001.tif,"December 18, 1939"
0012_004266_000956_0001.tif,"December 25, 1939"
0012_004266_000957_0001.tif,"January 1, 1940"
0012_004266_000958_0001.tif,"January 8, 1940"
0012_004266_000959_0001.tif,"January 15, 1940"
0012_004266_000960_0001.tif,"January 22, 1940"
0012_004266_000961_0001.tif,"January 29, 1940"
0012_004266_000962_0001.tif,"February 5, 1940"
0012_004266_000963_0001.tif,"February 2, 1940"
0012_004266_000964_0001.tif,"February 19, 1940"
0012_004266_000965_0001.tif,"February 26, 1940"
0012_004266_000966_0001.tif,"March 4, 1940"
0012_004266_000967_0001.tif,"March 29, 1940"
0012_004266_000968_0001.tif,"March 18, 1940"
0012_004266_000969_0001.tif,"March 25, 1940"
0012_004266_000970_0001.tif,"April 1, 1940"
0012_004266_000971_0001.tif,"April 8, 1940"
0012_004266_000972_0001.tif,"April 15, 1940"
0012_004266_000973_0001.tif,"April 22, 1940"
0012_004266_000974_0001.tif,"April 29, 1940"
0012_004266_000975_0001.tif,"May 6, 1940"
0012_004266_000976_0001.tif,"May 13, 1940"
0012_004266_000977_0001.tif,"May 20, 1940"
0012_004266_000978_0001.tif,"May 27, 1940"
0012_004266_000979_0001.tif,"June 3, 1940"
0012_004266_000980_0001.tif,"June 10, 1940"
0012_004266_000981_0001.tif,"June 17, 1940"
0012_004266_000982_0001.tif,"June 24, 1940"
0012_004266_000983_0001.tif,"July 1, 1940"
0012_004266_000984_0001.tif,"July 8, 1940"
0012_004266_000985_0001.tif,"July 15, 1940"
0012_004266_000986_0001.tif,"July 22, 1940"
0012_004266_000987_0001.tif,"July 29, 1940"
0012_004266_000988_0001.tif,"August 5, 1940"
0012_004266_000989_0001.tif,"August 12, 1940"
0012_004266_000990_0001.tif,"August 19, 1940"
0012_004266_000991_0001.tif,"August 26, 1940"
0012_004266_000992_0001.tif,"September 2, 1940"
0012_004266_000993_0001.tif,"September 9, 1940"
0012_004266_000994_0001.tif,"September 16, 1940"
0012_004266_000995_0001.tif,"September 23, 1940"
0012_004266_000996_0001.tif,"September 30, 1940"
0012_004266_000997_0001.tif,"October 7, 1940"
0012_004266_000998_0001.tif,"October 14, 1940"
0012_004266_000999_0001.tif,"October 21, 1940"
0012_004266_001000_0001.tif,"October 28, 1940"
0012_004266_001001_0001.tif,"November 4, 1940"
0012_004266_001002_0001.tif,"November 11, 1940"
0012_004266_001003_0001.tif,"November 18, 1940"
0012_004266_001004_0001.tif,"November 25, 1940"
0012_004266_001005_0001.tif,"December 2, 1940"
0012_004266_001006_0001.tif,"December 9, 1940"
0012_004266_001007_0001.tif,"December 16, 1940"
0012_004266_001008_0001.tif,"December 23, 1940"
0012_004266_001009_0001.tif,"December 30, 1940"
0012_004266_001010_0001.tif,"January 6, 1941"
0012_004266_001011_0001.tif,"January 13, 1941"
0012_004266_001012_0001.tif,"January 20, 1941"
0012_004266_001013_0001.tif,"January 27, 1941"
0012_004266_001014_0001.tif,"February 3, 1941"
0012_004266_001015_0001.tif,"February 10, 1941"
0012_004266_001016_0001.tif,"February 17, 1941"
0012_004266_001017_0001.tif,"February 24, 1941"
0012_004266_001018_0001.tif,"March 3, 1941"
0012_004266_001019_0001.tif,"March 10, 1941"
0012_004266_001020_0001.tif,"March 17, 1941"
0012_004266_001021_0001.tif,"March 24, 1941"
0012_004266_001022_0001.tif,"March 31, 1941"
0012_004266_001023_0001.tif,"April 7, 1941"
0012_004266_001024_0001.tif,"April 14, 1941"
0012_004266_001025_0001.tif,"April 21, 1941"
0012_004266_001026_0001.tif,"April 28, 1941"
0012_004266_001027_0001.tif,"May 5, 1941"
0012_004266_001028_0001.tif,"May 12, 1941"
0012_004266_001029_0001.tif,"May 19, 1941"
0012_004266_001030_0001.tif,"May 26, 1941"
0012_004266_001031_0001.tif,"June 2, 1941"
0012_004266_001032_0001.tif,"June 9, 1941"
0012_004266_001033_0001.tif,"June 16, 1941"
0012_004266_001034_0001.tif,"June 23, 1941"
0012_004266_001035_0001.tif,"June 30, 1941"
0012_004266_001036_0001.tif,"July 7, 1941"
0012_004266_001037_0001.tif,"July 14, 1941"
0012_004266_001038_0001.tif,"July 21, 1941"
0012_004266_001039_0001.tif,"July 28, 1941"
0012_004266_001040_0001.tif,"August 4, 1941"
0012_004266_001041_0001.tif,"August 11, 1941"
0012_004266_001042_0001.tif,"August 18, 1941"
0012_004266_001043_0001.tif,"August 25, 1941"
0012_004266_001044_0001.tif,"September 1, 1941"
0012_004266_001045_0001.tif,"September 8, 1941"
0012_004266_001046_0001.tif,"September 15, 1941"
0012_004266_001047_0001.tif,"September 22, 1941"
0012_004266_001048_0001.tif,"September 29, 1941"
0012_004266_001049_0001.tif,"October 6, 1941"
0012_004266_001050_0001.tif,"October 13, 1941"
0012_004266_001051_0001.tif,"October 20, 1941"
0012_004266_001052_0001.tif,"October 27, 1941"
0012_004266_001053_0001.tif,"November 3, 1941"
0012_004266_001054_0001.tif,"November 10, 1941"
0012_004266_001055_0001.tif,"November 17, 1941"
0012_004266_001056_0001.tif,"November 24, 1941"
0012_004266_001057_0001.tif,"December 1, 1941"
0012_004266_001058_0001.tif,"December 8, 1941"
0012_004266_001059_0001.tif,"December 15, 1941"
0012_004266_001060_0001.tif,"December 22, 1941"
0012_004266_001061_0001.tif,"December 29, 1941"
0012_004266_001062_0001.tif,"January 5, 1942"
0012_004266_001063_0001.tif,"January 12, 1942"
0012_004266_001064_0001.tif,"January 19, 1942"
0012_004266_001065_0001.tif,"January 26, 1942"
0012_004266_001066_0001.tif,"February 2, 1942"
0012_004266_001067_0001.tif,"February 9, 1942"
0012_004266_001068_0001.tif,"February 16, 1942"
0012_004266_001069_0001.tif,"February 23, 1942"
0012_004266_001070_0001.tif,"March 2, 1942"
0012_004266_001071_0001.tif,"March 9, 1942"
0012_004266_001072_0001.tif,"March 16, 1942"
0012_004266_001073_0001.tif,"March 23, 1942"
0012_004266_001074_0001.tif,"March 30, 1942"
0012_004266_001075_0001.tif,"April 6, 1942"
0012_004266_001076_0001.tif,"April 13, 1942"
0012_004266_001077_0001.tif,"April 20, 1942"
0012_004266_001078_0001.tif,"April 27, 1942"
0012_004266_001079_0001.tif,"May 4, 1942"
0012_004266_001080_0001.tif,"May 11, 1942"
0012_004266_001081_0001.tif,"May 18, 1942"
0012_004266_001082_0001.tif,"May 25, 1942"
0012_004266_001083_0001.tif,"June 1, 1942"
0012_004266_001084_0001.tif,"June 8, 1942"
0012_004266_001085_0001.tif,"June 15, 1942"
0012_004266_001086_0001.tif,"June 22, 1942"
0012_004266_001087_0001.tif,"June 29, 1942"
0012_004266_001088_0001.tif,"July 6, 1942"
0012_004266_001089_0001.tif,"July 13, 1942"
0012_004266_001090_0001.tif,"July 20, 1942"
0012_004266_001091_0001.tif,"July 27, 1942"
0012_004266_001092_0001.tif,"August 3, 1942"
0012_004266_001093_0001.tif,"August 10, 1942"
0012_004266_001094_0001.tif,"August 17, 1942"
0012_004266_001095_0001.tif,"August 24, 1942"
0012_004266_001096_0001.tif,"August 31, 1942"
0012_004266_001097_0001.tif,"September 7, 1942"
0012_004266_001098_0001.tif,"September 14, 1942"
0012_004266_001099_0001.tif,"September 21, 1942"
0012_004266_001100_0001.tif,"September 28, 1942"
0012_004266_001101_0001.tif,"October 5, 1942"
0012_004266_001102_0001.tif,"October 12, 1942"
0012_004266_001103_0001.tif,"October 19, 1942"
0012_004266_001104_0001.tif,"October 26, 1942"
0012_004266_001105_0001.tif,"November 2, 1942"
0012_004266_001106_0001.tif,"November 9, 1942"
0012_004266_001107_0001.tif,"November 16, 1942"
0012_004266_001108_0001.tif,"November 23, 1942"
0012_004266_001109_0001.tif,"November 30, 1942"
0012_004266_001110_0001.tif,"December 7, 1942"
0012_004266_001111_0001.tif,"December 8, 1942"
0012_004266_001112_0001.tif,"December 14, 1942"
0012_004266_001113_0001.tif,"December 21, 1942"
0012_004266_001114_0001.tif,"December 28, 1942"
0012_004266_001115_0001.tif,"January 4, 1943"
0012_004266_001116_0001.tif,"January 11, 1943"
0012_004266_001117_0001.tif,"January 18, 1943"
0012_004266_001118_0001.tif,"January 25, 1943"
0012_004266_001119_0001.tif,"February 1, 1943"
0012_004266_001120_0001.tif,"February 8, 1943"
0012_004266_001121_0001.tif,"February 15, 1943"
0012_004266_001122_0001.tif,"February 22, 1943"
0012_004266_001123_0001.tif,"March 1, 1943"
0012_004266_001124_0001.tif,"March 8, 1943"
0012_004266_001125_0001.tif,"March 15, 1943"
0012_004266_001126_0001.tif,"March 22, 1943"
0012_004266_001127_0001.tif,"March 29, 1943"
0012_004266_001128_0001.tif,"April 5, 1943"
0012_004266_001129_0001.tif,"April 12, 1943"
0012_004266_001130_0001.tif,"April 19, 1943"
0012_004266_001131_0001.tif,"April 26, 1943"
0012_004266_001132_0001.tif,"May 3, 1943"
0012_004266_001133_0001.tif,"May 10, 1943"
0012_004266_001134_0001.tif,"May 17, 1943"
0012_004266_001135_0001.tif,"May 24, 1943"
0012_004266_001136_0001.tif,"May 31, 1943"
0012_004266_001137_0001.tif,"June 7, 1943"
0012_004266_001138_0001.tif,"June 14, 1943"
0012_004266_001139_0001.tif,"June 21, 1943"
0012_004266_001140_0001.tif,"June 28, 1943"
0012_004266_001141_0001.tif,"July 5, 1943"
0012_004266_001142_0001.tif,"July 12, 1943"
0012_004266_001143_0001.tif,"July 19, 1943"
0012_004266_001144_0001.tif,"July 26, 1943"
0012_004266_001145_0001.tif,"August 2, 1943"
0012_004266_001146_0001.tif,"August 9, 1943"
0012_004266_001147_0001.tif,"August 16, 1943"
0012_004266_001148_0001.tif,"August 23, 1943"
0012_004266_001149_0001.tif,"August 30, 1943"
0012_004266_001150_0001.tif,"September 6, 1943"
0012_004266_001151_0001.tif,"September 13, 1943"
0012_004266_001152_0001.tif,"September 20, 1943"
0012_004266_001153_0001.tif,"September 27, 1943"
0012_004266_001154_0001.tif,"September 27, 1943"
0012_004266_001155_0001.tif,"October 11, 1943"
0012_004266_001156_0001.tif,"October 18, 1943"
0012_004266_001157_0001.tif,"October 25, 1943"
0012_004266_001158_0001.tif,"November 1, 1943"
0012_004266_001159_0001.tif,"November 8, 1943"
0012_004266_001160_0001.tif,"November 15, 1943"
0012_004266_001161_0001.tif,"November 22, 1943"
0012_004266_001162_0001.tif,"November 29, 1943"
0012_004266_001163_0001.tif,"December 6, 1943"
0012_004266_001164_0001.tif,"December 13, 1943"
0012_004266_001165_0001.tif,"December 20, 1943"
0012_004266_001166_0001.tif,"December 27, 1943"
0012_004266_001167_0001.tif,"January 3, 1944"
0012_004266_001168_0001.tif,"January 10, 1944"
0012_004266_001169_0001.tif,"January 17, 1944"
0012_004266_001170_0001.tif,"January 24, 1944"
0012_004266_001171_0001.tif,"January 31, 1944"
0012_004266_001172_0001.tif,"February 7, 1944"
0012_004266_001173_0001.tif,"February 14, 1944"
0012_004266_001174_0001.tif,"February 21, 1944"
0012_004266_001175_0001.tif,"February 28, 1944"
0012_004266_001176_0001.tif,"March 6, 1944"
0012_004266_001177_0001.tif,"March 13, 1944"
0012_004266_001178_0001.tif,"March 20, 1944"
0012_004266_001179_0001.tif,"March 27, 1944"
0012_004266_001180_0001.tif,"April 3, 1944"
0012_004266_001181_0001.tif,"April 10, 1944"
0012_004266_001182_0001.tif,"April 17, 1944"
0012_004266_001183_0001.tif,"April 24, 1944"
0012_004266_001184_0001.tif,"May 1, 1944"
0012_004266_001185_0001.tif,"May 8, 1944"
0012_004266_001186_0001.tif,"May 15, 1944"
0012_004266_001187_0001.tif,"May 22, 1944"
0012_004266_001188_0001.tif,"May 29, 1944"
0012_004266_001189_0001.tif,"June 5, 1944"
0012_004266_001190_0001.tif,"June 12, 1944"
0012_004266_001191_0001.tif,"June 19, 1944"
0012_004266_001192_0001.tif,"June 26, 1944"
0012_004266_001193_0001.tif,"July 3, 1944"
0012_004266_001194_0001.tif,"July 10, 1944"
0012_004266_001195_0001.tif,"July 17, 1944"
0012_004266_001196_0001.tif,"July 24, 1944"
0012_004266_001197_0001.tif,"July 31, 1944"
0012_004266_001198_0001.tif,"August 7, 1944"
0012_004266_001199_0001.tif,"August 14, 1944"
0012_004266_001200_0001.tif,"August 21, 1944"
0012_004266_001201_0001.tif,"August 28, 1944"
0012_004266_001202_0001.tif,"September 4, 1944"
0012_004266_001203_0001.tif,"September 11, 1944"
0012_004266_001204_0001.tif,"September 18, 1944"
0012_004266_001205_0001.tif,"September 25, 1944"
0012_004266_001206_0001.tif,"October 2, 1944"
0012_004266_001207_0001.tif,"October 9, 1944"
0012_004266_001208_0001.tif,"October 16, 1944"
0012_004266_001209_0001.tif,"October 23, 1944"
0012_004266_001210_0001.tif,"October 30, 1944"
0012_004266_001211_0001.tif,"November 6, 1944"
0012_004266_001212_0001.tif,"November 13, 1944"
0012_004266_001213_0001.tif,"November 20, 1944"
0012_004266_001214_0001.tif,"November 27, 1944"
0012_004266_001215_0001.tif,"December 4, 1944"
0012_004266_001216_0001.tif,"December 11, 1944"
0012_004266_001217_0001.tif,"December 18, 1944"
0012_004266_001218_0001.tif,"December 25, 1944"
0012_004266_001219_0001.tif,"January 1, 1945"
0012_004266_001220_0001.tif,"January 8, 1945"
0012_004266_001221_0001.tif,"January 15, 1945"
0012_004266_001222_0001.tif,"January 22, 1945"
0012_004266_001223_0001.tif,"January 29, 1945"
0012_004266_001224_0001.tif,"February 5, 1945"
0012_004266_001225_0001.tif,"February 5, 1945"
0012_004266_001226_0001.tif,"February 19, 1945"
0012_004266_001227_0001.tif,"February 26, 1945"
0012_004266_001228_0001.tif,"March 5, 1945"
0012_004266_001229_0001.tif,"March 12, 1945"
0012_004266_001230_0001.tif,"March 19, 1945"
0012_004266_001231_0001.tif,"March 26, 1945"
0012_004266_001232_0001.tif,"April 2, 1945"
0012_004266_001233_0001.tif,"April 9, 1945"
0012_004266_001234_0001.tif,"April 16, 1945"
0012_004266_001235_0001.tif,"April 23, 1945"
0012_004266_001236_0001.tif,"April 30, 1945"
0012_004266_001237_0001.tif,"May 7, 1945"
0012_004266_001238_0001.tif,"May 14, 1945"
0012_004266_001239_0001.tif,"May 21, 1945"
0012_004266_001240_0001.tif,"May 28, 1945"
0012_004266_001241_0001.tif,"June 4, 1945"
0012_004266_001242_0001.tif,"June 11, 1945"
0012_004266_001243_0001.tif,"June 18, 1945"
0012_004266_001244_0001.tif,"June 25, 1945"
0012_004266_001245_0001.tif,"July 2, 1945"
0012_004266_001246_0001.tif,"July 9, 1945"
0012_004266_001247_0001.tif,"July 16, 1945"
0012_004266_001248_0001.tif,"July 23, 1945"
0012_004266_001249_0001.tif,"July 30, 1945"
0012_004266_001250_0001.tif,"August 6, 1945"
0012_004266_001251_0001.tif,"August 13, 1945"
0012_004266_001252_0001.tif,"August 20, 1945"
0012_004266_001253_0001.tif,"August 27, 1945"
0012_004266_001254_0001.tif,"September 3, 1945"
0012_004266_001255_0001.tif,"September 10, 1945"
0012_004266_001256_0001.tif,"September 17, 1945"
0012_004266_001257_0001.tif,"September 24, 1945"
0012_004266_001258_0001.tif,"October 1, 1945"
0012_004266_001259_0001.tif,"October 8, 1945"
0012_004266_001260_0001.tif,"October 15, 1945"
0012_004266_001261_0001.tif,"October 22, 1945"
0012_004266_001262_0001.tif,"October 29, 1945"
0012_004266_001263_0001.tif,"November 5, 1945"
0012_004266_001264_0001.tif,"November 12, 1945"
0012_004266_001265_0001.tif,"November 19, 1945"
0012_004266_001266_0001.tif,"November 26, 1945"
0012_004266_001267_0001.tif,"December 3, 1945"
0012_004266_001268_0001.tif,"December 10, 1945"
0012_004266_001269_0001.tif,"December 17, 1945"
0012_004266_001270_0001.tif,"December 25, 1945"
0012_004266_001271_0001.tif,"December 31, 1945"
0012_004266_001272_0001.tif,"January 7, 1946"
0012_004266_001273_0001.tif,"January 14, 1946"
0012_004266_001274_0001.tif,"January 21, 1946"
0012_004266_001275_0001.tif,"January 28, 1946"
0012_004266_001276_0001.tif,"February 4, 1946"
0012_004266_001277_0001.tif,"February 11, 1946"
0012_004266_001278_0001.tif,"February 18, 1946"
0012_004266_001279_0001.tif,"February 25, 1946"
0012_004266_001280_0001.tif,"March 4, 1946"
0012_004266_001281_0001.tif,"March 11, 1946"
0012_004266_001282_0001.tif,"March 18, 1946"
0012_004266_001283_0001.tif,"March 25, 1946"
0012_004266_001284_0001.tif,"April 1, 1946"
0012_004266_001285_0001.tif,"April 8, 1946"
0012_004266_001286_0001.tif,"April 22, 1996"
0012_004266_001287_0001.tif,"April 29, 1946"
0012_004266_001288_0001.tif,"May 6, 1946"
0012_004266_001289_0001.tif,"May 13, 1946"
0012_004266_001290_0001.tif,"May 20, 1946"
0012_004266_001291_0001.tif,"May 27, 1946"
0012_004266_001292_0001.tif,"June 3, 1946"
0012_004266_001293_0001.tif,"June 10, 1946"
0012_004266_001294_0001.tif,"June 17, 1946"
0012_004266_001295_0001.tif,"June 24, 1946"
0012_004266_001296_0001.tif,"July 1, 1946"
0012_004266_001297_0001.tif,"July 8, 1946"
0012_004266_001298_0001.tif,"July 15, 1946"
0012_004266_001299_0001.tif,"July 29, 1946"
0012_004266_001300_0001.tif,"August 5, 1946"
0012_004266_001301_0001.tif,"August 12, 1946"
0012_004266_001302_0001.tif,"August 19, 1946"
0012_004266_001303_0001.tif,"August 26, 1946"
0012_004266_001304_0001.tif,"September 2, 1946"
0012_004266_001305_0001.tif,"September 9, 1946"
0012_004266_001306_0001.tif,"September 16, 1946"
0012_004266_001307_0001.tif,"September 23, 1946"
0012_004266_001308_0001.tif,"September 30, 1946"
0012_004266_001309_0001.tif,"October 7, 1946"
0012_004266_001310_0001.tif,"October 14, 1946"
0012_004266_001311_0001.tif,"October 21, 1946"
0012_004266_001312_0001.tif,"October 28, 1946"
0012_004266_001313_0001.tif,"November 4, 1946"
0012_004266_001314_0001.tif,"November 11, 1946"
0012_004266_001315_0001.tif,"November 18, 1946"
0012_004266_001316_0001.tif,"November 25, 1946"
0012_004266_001317_0001.tif,"December 2, 1946"
0012_004266_001318_0001.tif,"December 9, 1946"
0012_004266_001319_0001.tif,"December 16, 1946"
0012_004266_001320_0001.tif,"December 23, 1946"
0012_004266_001321_0001.tif,"December 30, 1946"
0012_004266_001322_0001.tif,"January 6, 1947"
0012_004266_001323_0001.tif,"January 13, 1947"
0012_004266_001324_0001.tif,"January 20, 1947"
0012_004266_001325_0001.tif,"February 3, 1947"
0012_004266_001326_0001.tif,"February 10, 1947"
0012_004266_001327_0001.tif,"February 17, 1947"
0012_004266_001328_0001.tif,"February 24, 1947"
0012_004266_001329_0001.tif,"March 3, 1947"
0012_004266_001330_0001.tif,"March 10, 1947"
0012_004266_001331_0001.tif,"March 17, 1947"
0012_004266_001332_0001.tif,"March 24, 1947"
0012_004266_001333_0001.tif,"March 31, 1947"
0012_004266_001334_0001.tif,"April 7, 1947"
0012_004266_001335_0001.tif,"April 14, 1947"
0012_004266_001336_0001.tif,"April 21, 1947"
0012_004266_001337_0001.tif,"April 28, 1947"
0012_004266_001338_0001.tif,"May 5, 1947"
0012_004266_001339_0001.tif,"May 12, 1947"
0012_004266_001340_0001.tif,"May 19, 1947"
0012_004266_001341_0001.tif,"May 26, 1947"
0012_004266_001342_0001.tif,"June 2, 1947"
0012_004266_001343_0001.tif,"June 16, 1947"
0012_004266_001344_0001.tif,"June 23, 1947"
0012_004266_001345_0001.tif,"June 30, 1947"
0012_004266_001346_0001.tif,"July 7, 1947"
0012_004266_001347_0001.tif,"July 14, 1947"
0012_004266_001348_0001.tif,"July 21, 1947"
0012_004266_001349_0001.tif,"July 28, 1947"
0012_004266_001350_0001.tif,"August 4, 1947"
0012_004266_001351_0001.tif,"August 11, 1947"
0012_004266_001352_0001.tif,"August 18, 1947"
0012_004266_001353_0001.tif,"August 25, 1947"
0012_004266_001354_0001.tif,"September 1, 1947"
0012_004266_001355_0001.tif,"September 8, 1947"
0012_004266_001356_0001.tif,"September 22, 1947"
0012_004266_001357_0001.tif,"September 29, 1947"
0012_004266_001358_0001.tif,"October 6, 1947"
0012_004266_001359_0001.tif,"October 13, 1947"
0012_004266_001360_0001.tif,"October 20, 1947"
0012_004266_001361_0001.tif,"October 27, 1947"
0012_004266_001362_0001.tif,"November 3, 1947"
0012_004266_001363_0001.tif,"November 10, 1947"
0012_004266_001364_0001.tif,"November 17, 1947"
0012_004266_001365_0001.tif,"November 24, 1947"
0012_004266_001366_0001.tif,"December 1, 1947"
0012_004266_001367_0001.tif,"December 8, 1947"
0012_004266_001368_0001.tif,"December 15, 1947"
0012_004266_001369_0001.tif,"December 22, 1947"
0012_004266_001370_0001.tif,"December 29, 1947"
0012_004266_001371_0001.tif,"January 5, 1948"
0012_004266_001372_0001.tif,"January 12, 1948"
0012_004266_001373_0001.tif,"January 19, 1948"
0012_004266_001374_0001.tif,"January 26, 1948"
0012_004266_001375_0001.tif,"February 2, 1948"
0012_004266_001376_0001.tif,"February 9, 1948"
0012_004266_001377_0001.tif,"February 16, 1948"
0012_004266_001378_0001.tif,"February 23, 1948"
0012_004266_001379_0001.tif,"March 1, 1948"
0012_004266_001380_0001.tif,"March 8, 1948"
0012_004266_001381_0001.tif,"March 15, 1948"
0012_004266_001382_0001.tif,"March 22, 1948"
0012_004266_001383_0001.tif,"March 29, 1948"
0012_004266_001384_0001.tif,"April 5, 1948"
0012_004266_001385_0001.tif,"April 12, 1948"
0012_004266_001386_0001.tif,"April 19, 1948"
0012_004266_001387_0001.tif,"April 26, 1948"
0012_004266_001388_0001.tif,"May 3, 1948"
0012_004266_001389_0001.tif,"May 10, 1948"
0012_004266_001390_0001.tif,"May 17, 1948"
0012_004266_001391_0001.tif,"May 24, 1948"
0012_004266_001392_0001.tif,"May 31, 1948"
0012_004266_001393_0001.tif,"June 7, 1948"
0012_004266_001394_0001.tif,"June 14, 1948"
0012_004266_001395_0001.tif,"June 21, 1948"
0012_004266_001396_0001.tif,"June 28, 1948"
0012_004266_001397_0001.tif,"July 5, 1948"
0012_004266_001398_0001.tif,"July 12, 1948"
0012_004266_001399_0001.tif,"July 19, 1948"
0012_004266_001400_0001.tif,"July 26, 1948"
0012_004266_001401_0001.tif,"August 2, 1948"
0012_004266_001402_0001.tif,"August 9, 1948"
0012_004266_001403_0001.tif,"August 16, 1948"
0012_004266_001404_0001.tif,"August 23, 1948"
0012_004266_001405_0001.tif,"August 30, 1948"
0012_004266_001406_0001.tif,"September 6, 1948"
0012_004266_001407_0001.tif,"September 13, 1948"
0012_004266_001408_0001.tif,"September 27, 1948"
0012_004266_001409_0001.tif,"October 4, 1948"
0012_004266_001410_0001.tif,"October 11, 1948"
0012_004266_001411_0001.tif,"October 18, 1948"
0012_004266_001412_0001.tif,"October 25, 1948"
0012_004266_001413_0001.tif,"November 1, 1948"
0012_004266_001414_0001.tif,"November 8, 1948"
0012_004266_001415_0001.tif,"November 15, 1948"
0012_004266_001416_0001.tif,"November 22, 1948"
0012_004266_001417_0001.tif,"November 29, 1948"
0012_004266_001418_0001.tif,"December 6, 1948"
0012_004266_001419_0001.tif,"December 13, 1948"
0012_004266_001420_0001.tif,"December 20, 1948"
0012_004266_001421_0001.tif,"December 27, 1948"
0012_004266_001422_0001.tif,"January 3, 1949"
0012_004266_001423_0001.tif,"January 10, 1949"
0012_004266_001424_0001.tif,"January 17, 1949"
0012_004266_001425_0001.tif,"January 24, 1949"
0012_004266_001426_0001.tif,"January 31, 1949"
0012_004266_001427_0001.tif,"February 7, 1949"
0012_004266_001428_0001.tif,"February 14, 1949"
0012_004266_001429_0001.tif,"February 21, 1949"
0012_004266_001430_0001.tif,"February 28, 1949"
0012_004266_001431_0001.tif,"March 7, 1949"
0012_004266_001432_0001.tif,"March 14, 1949"
0012_004266_001433_0001.tif,"March 21, 1949"
0012_004266_001434_0001.tif,"March 28, 1949"
0012_004266_001435_0001.tif,"April 4, 1949"
0012_004266_001436_0001.tif,"April 11, 1949"
0012_004266_001437_0001.tif,"April 18, 1949"
0012_004266_001438_0001.tif,"April 25, 1949"
0012_004266_001439_0001.tif,"May 2, 1949"
0012_004266_001440_0001.tif,"May 9, 1949"
0012_004266_001441_0001.tif,"May 16, 1949"
0012_004266_001442_0001.tif,"May 23, 1949"
0012_004266_001443_0001.tif,"May 30, 1949"
0012_004266_001444_0001.tif,"June 6, 1949"
0012_004266_001445_0001.tif,"June 13, 1949"
0012_004266_001446_0001.tif,"June 20, 1949"
0012_004266_001447_0001.tif,"June 27, 1949"
0012_004266_001448_0001.tif,"July 4, 1949"
0012_004266_001449_0001.tif,"July 11, 1949"
0012_004266_001450_0001.tif,"July 18, 1949"
0012_004266_001451_0001.tif,"July 25, 1949"
0012_004266_001452_0001.tif,"August 1, 1949"
0012_004266_001453_0001.tif,"August 8, 1949"
0012_004266_001454_0001.tif,"August 15, 1949"
0012_004266_001455_0001.tif,"August 22, 1949"
0012_004266_001456_0001.tif,"August 29, 1949"
0012_004266_001457_0001.tif,"September 5, 1949"
0012_004266_001458_0001.tif,"September 12, 1949"
0012_004266_001459_0001.tif,"September 19, 1949"
0012_004266_001460_0001.tif,"September 26, 1949"
0012_004266_001461_0001.tif,"October 3, 1949"
0012_004266_001462_0001.tif,"October 10, 1949"
0012_004266_001463_0001.tif,"October 17, 1949"
0012_004266_001464_0001.tif,"October 24, 1949"
0012_004266_001465_0001.tif,"October 31, 1949"
0012_004266_001466_0001.tif,"November 7, 1949"
0012_004266_001467_0001.tif,"November 14, 1949"
0012_004266_001468_0001.tif,"November 21, 1949"
0012_004266_001469_0001.tif,"November 28, 1949"
0012_004266_001470_0001.tif,"December 5, 1949"
0012_004266_001471_0001.tif,"December 12, 1949"
0012_004266_001472_0001.tif,"December 19, 1949"
0012_004266_001473_0001.tif,"December 26, 1949"
0012_004266_001474_0001.tif,"January 2, 1950"
0012_004266_001475_0001.tif,"January 9, 1950"
0012_004266_001476_0001.tif,"January 16, 1950"
0012_004266_001477_0001.tif,"January 23, 1950"
